{
    "n_light": 64,
    "imhw": [
        512,
        512
    ],
    "K": [
        [
            711.1110599640117,
            0.0,
            256.0
        ],
        [
            0.0,
            711.1110599640117,
            256.0
        ],
        [
            0.0,
            0.0,
            1.0
        ]
    ]
}    